Date,zscore
2018-01-02,
2018-01-03,
2018-01-04,
2018-01-05,
2018-01-08,
2018-01-09,
2018-01-10,
2018-01-11,
2018-01-12,
2018-01-15,
2018-01-16,
2018-01-17,
2018-01-18,
2018-01-19,
2018-01-22,
2018-01-23,
2018-01-24,
2018-01-25,
2018-01-26,
2018-01-29,
2018-01-30,
2018-01-31,
2018-02-01,
2018-02-02,
2018-02-05,
2018-02-06,
2018-02-07,
2018-02-08,
2018-02-09,
2018-02-12,
2018-02-13,
2018-02-14,
2018-02-15,
2018-02-16,
2018-02-19,
2018-02-20,
2018-02-21,
2018-02-22,
2018-02-23,
2018-02-26,
2018-02-27,
2018-02-28,
2018-03-01,
2018-03-02,
2018-03-05,
2018-03-06,
2018-03-07,
2018-03-08,
2018-03-09,
2018-03-12,
2018-03-13,
2018-03-14,
2018-03-15,
2018-03-16,
2018-03-19,
2018-03-20,
2018-03-21,
2018-03-22,
2018-03-23,
2018-03-26,-1.0970526644412757
2018-03-27,-1.2916658289592438
2018-03-28,-1.447700793138405
2018-03-29,-1.257260977340921
2018-04-02,-1.9319438509721343
2018-04-03,-1.6015082283448592
2018-04-04,-1.1529612747279574
2018-04-05,-0.9497136394221475
2018-04-06,-0.8135556758784315
2018-04-09,-0.10988026681322369
2018-04-10,0.8378025549686069
2018-04-11,0.870646614126476
2018-04-12,1.0898671177012857
2018-04-13,1.250654381605898
2018-04-16,1.2950883531000577
2018-04-17,1.8633705994152951
2018-04-18,2.4026681376975203
2018-04-19,2.522993382312822
2018-04-20,2.3882638813436
2018-04-23,0.3305237245698275
2018-04-24,0.054347980076863936
2018-04-25,0.4188869844159514
2018-04-26,0.7350506597372688
2018-04-27,0.35509017519872776
2018-04-30,0.23446168600591735
2018-05-01,0.4796438813888494
2018-05-02,0.8082162801044059
2018-05-03,0.8531494197100927
2018-05-04,1.1454582866150054
2018-05-07,1.152616823155112
2018-05-08,0.895581318808771
2018-05-09,0.7959556897384552
2018-05-10,0.8669806753599765
2018-05-11,0.8928495831163521
2018-05-14,0.4093633101543263
2018-05-15,-0.12782465055802408
2018-05-16,-0.23034416274545613
2018-05-17,-0.07268507484532803
2018-05-18,-0.03545073210795614
2018-05-21,-0.17956184020882962
2018-05-22,-0.3897229232429692
2018-05-23,-0.7393993345615342
2018-05-24,-0.569695301293037
2018-05-25,-0.9635972483427144
2018-05-28,-0.9620509100008522
2018-05-29,-1.1570005705594284
2018-05-30,-0.8380726697007367
2018-05-31,-0.9656716593764157
2018-06-01,-1.0780303063688594
2018-06-04,-0.803452254601303
2018-06-05,-0.48878633449646025
2018-06-06,-0.2763965300714758
2018-06-07,-0.5586199886187083
2018-06-08,-0.7546261075126122
2018-06-11,-0.328462540203723
2018-06-12,-0.5184144223067217
2018-06-13,-0.7981203901152862
2018-06-14,-0.9333405435601233
2018-06-15,-1.6849235759427688
2018-06-18,-1.5184836528518788
2018-06-19,-1.8628725019074002
2018-06-20,-1.5775768536812858
2018-06-21,-1.6829763162791513
2018-06-22,-1.4327982607631906
2018-06-25,-1.8138536699194128
2018-06-26,-1.35886967362384
2018-06-27,-1.3581895774316237
2018-06-28,-1.1979955107753193
2018-06-29,-1.0672206162969984
2018-07-02,-1.3061290073780911
2018-07-03,-1.2822957364624241
2018-07-04,-1.2382507195547294
2018-07-05,-0.910117589823756
2018-07-06,-0.8109649165388321
2018-07-09,-0.4758799540506395
2018-07-10,-0.5593745370154689
2018-07-11,-0.48750275523886133
2018-07-12,-0.6717319957749315
2018-07-13,-0.7120275213925504
2018-07-16,-0.634767656515263
2018-07-17,-0.4030986453623015
2018-07-18,-0.40232624742112627
2018-07-19,-2.6360151260249625
2018-07-20,-2.860434205393717
2018-07-23,-2.3295638340188694
2018-07-24,-1.841703312114397
2018-07-25,-1.578956792746111
2018-07-26,-1.6193721252327529
2018-07-27,-1.4516381269556309
2018-07-30,-1.6982553278200307
2018-07-31,-1.4287763276297263
2018-08-01,-1.8036278789364253
2018-08-02,-1.6130116659388676
2018-08-03,-1.5035292982390527
2018-08-06,-1.4666449977164027
2018-08-07,-1.682756880429842
2018-08-08,-1.0146920083353286
2018-08-09,-1.2378045378155036
2018-08-10,-0.48816556364836095
2018-08-13,-0.6566105784807738
2018-08-14,-0.7503879228468784
2018-08-15,-1.9493736962724706
2018-08-16,-1.6555327837221574
2018-08-17,-1.3756785599105383
2018-08-20,-1.4008723985703726
2018-08-21,-0.9123944297111641
2018-08-22,-0.8126844805635066
2018-08-23,-1.2281578777095035
2018-08-24,-0.663990529961725
2018-08-27,-0.47955444879707826
2018-08-28,-0.3111205220838406
2018-08-29,0.056000231649483714
2018-08-30,-0.32341553414422014
2018-08-31,-0.17659416029125807
2018-09-03,-0.14350346535083627
2018-09-04,-0.6894523537150185
2018-09-05,-0.8880845075378205
2018-09-06,-2.0197919736269028
2018-09-07,-1.6335900699057986
2018-09-10,-1.1187861791732456
2018-09-11,-1.587506018988685
2018-09-12,-1.0243620197296548
2018-09-13,-1.1009081448462457
2018-09-14,-0.6241649222938088
2018-09-17,-0.5898378406747682
2018-09-18,-0.44175667183722855
2018-09-19,-0.6339833732616932
2018-09-20,-0.47703486728904176
2018-09-21,-0.07104063717349236
2018-09-24,-0.8775458564840084
2018-09-25,-1.177161480053671
2018-09-26,-1.484841363318051
2018-09-27,-1.5231054813434817
2018-09-28,-1.5260545601083881
2018-10-01,-1.285835037392615
2018-10-02,-0.9232690554079548
2018-10-03,-0.22611048470753692
2018-10-04,-0.07454201182667465
2018-10-05,-0.6322909635060675
2018-10-08,-2.589609289950568
2018-10-09,-3.1897891418320334
2018-10-10,-3.9095306675758486
2018-10-11,-3.610183518260857
2018-10-12,-3.239409988607018
2018-10-15,-3.0747719879665305
2018-10-16,-2.476102063366543
2018-10-17,-2.120505895849422
2018-10-18,-1.1853650958997257
2018-10-19,-1.2411600964498337
2018-10-22,-0.8747050993186772
2018-10-23,-1.6561772094686351
2018-10-24,-2.7239934468203595
2018-10-25,-2.401788484348121
2018-10-26,-2.3561907606581385
2018-10-29,-2.352138448058249
2018-10-30,-2.173156273644688
2018-10-31,-1.8033428248574095
2018-11-01,-1.1913641280573355
2018-11-02,-1.1088686752493735
2018-11-05,-1.1715321364985205
2018-11-06,-1.2562147024887735
2018-11-07,-1.0254772001681904
2018-11-08,-1.1262174072544844
2018-11-09,-1.6875416764709097
2018-11-12,-1.801766715887087
2018-11-13,-1.43784756040636
2018-11-14,-1.26309679535374
2018-11-15,-0.9957569702868891
2018-11-16,-0.9605678618669873
2018-11-19,-1.6422749081480206
2018-11-20,-1.8218431299364122
2018-11-21,-1.7242973741931775
2018-11-22,-1.6630285609157394
2018-11-23,-1.7532480146584182
2018-11-26,-1.6182216370655473
2018-11-27,-1.9703034652249887
2018-11-28,-1.1820923739436784
2018-11-29,-1.9469053975790347
2018-11-30,-1.6213185837583866
2018-12-03,-1.4926826399287838
2018-12-04,-1.9055188317786322
2018-12-05,-1.8246346940811986
2018-12-06,-1.960311813115317
2018-12-07,-2.113113837273115
2018-12-10,-2.159858628153533
2018-12-11,-2.036102636640973
2018-12-12,-1.7307769641456594
2018-12-13,-1.7130471967675691
2018-12-14,-1.802477199021043
2018-12-17,-1.8788772660574602
2018-12-18,-1.7704482958719487
2018-12-19,-1.8785849244418487
2018-12-20,-1.8807183653000132
2018-12-21,-2.0658851658532846
2018-12-24,-2.321490627670799
2018-12-26,-1.6695272124140201
2018-12-27,-1.6230843206719308
2018-12-28,-1.7471744660702555
2018-12-31,-1.7089802993828844
2019-01-01,-1.6472297346728695
2019-01-02,-1.682424469158422
2019-01-03,-1.6139713109881266
2019-01-04,-0.9738652051271979
2019-01-07,-0.9204497393826776
2019-01-08,-0.9360703073135985
2019-01-09,-0.6771381965920107
2019-01-10,-0.6837471752803054
2019-01-11,-0.7776003450655619
2019-01-14,-0.6839094595714258
2019-01-15,-0.6280483486422487
2019-01-16,-0.5786407058329099
2019-01-17,-0.3737447129345813
2019-01-18,-0.4484473517632263
2019-01-21,-0.4267276975483839
2019-01-22,-0.8618583716200884
2019-01-23,-0.6774839923010969
2019-01-24,-0.7607045192285533
2019-01-25,-0.3902527999130137
2019-01-28,-0.7131610419610759
2019-01-29,-0.4207521941903849
2019-01-30,-0.09780417080454004
2019-01-31,-0.02874413777122751
2019-02-01,-0.40781521506969454
2019-02-04,-0.18535790991669138
2019-02-05,-0.16706588582540086
2019-02-06,-0.35666148122358515
2019-02-07,-0.9022785055352056
2019-02-08,-0.7192367113775598
2019-02-11,-0.5427929995153737
2019-02-12,-0.28305609777495083
2019-02-13,0.10888805869538389
2019-02-14,-0.3468229485425421
2019-02-15,-0.27387814586068565
2019-02-18,-0.24291897417010888
2019-02-19,2.1629051663225787
2019-02-20,2.7052708978076705
2019-02-21,2.9228069275540256
2019-02-22,3.0339653930463677
2019-02-25,3.132117715433086
2019-02-26,2.9715420347198434
2019-02-27,2.803026743752727
2019-02-28,2.0276414488711048
2019-03-01,2.00086982804892
2019-03-04,1.703118608441678
2019-03-05,1.6480804012111823
2019-03-06,1.1956571306660482
2019-03-07,0.7836832665021563
2019-03-08,0.5280478623822631
2019-03-11,0.8205879582475664
2019-03-12,1.1804268959696074
2019-03-13,1.3564824536881206
2019-03-14,0.8718182595989117
2019-03-15,0.8222917151948768
2019-03-18,1.122637167037975
2019-03-19,1.0891561803717287
2019-03-20,1.1236629693656672
2019-03-21,1.337008580592386
2019-03-22,0.7627909317999654
2019-03-25,0.6925588264100656
2019-03-26,0.4499451006249058
2019-03-27,0.5961437125987605
2019-03-28,0.6091315279316974
2019-03-29,0.6665374891528594
2019-04-01,1.2386004633132375
2019-04-02,0.7800362222339775
2019-04-03,0.8242232417962434
2019-04-04,1.069849477159404
2019-04-05,1.1501725489829322
2019-04-08,1.1601419459649283
2019-04-09,0.8731837891774973
2019-04-10,0.866784156231781
2019-04-11,0.5373197324807015
2019-04-12,0.42237409665512254
2019-04-15,0.13896390463068192
2019-04-16,0.10253665996569536
2019-04-17,0.07850175263836115
2019-04-18,-0.5076698620421688
2019-04-22,0.2582715280353004
2019-04-23,0.435178217158006
2019-04-24,0.19276067424433366
2019-04-25,-0.38288379735381595
2019-04-26,-0.5088321101738668
2019-04-29,-0.5716828972046872
2019-04-30,-0.6921835574523467
2019-05-01,-1.118770174186608
2019-05-02,-1.1870098227398187
2019-05-03,-0.7876374551148391
2019-05-06,-1.359292603515555
2019-05-07,-1.907084999721942
2019-05-08,-2.2451183824758
2019-05-09,-2.1149038886070377
2019-05-10,-1.9674094592247755
2019-05-13,-2.305660251014123
2019-05-14,-1.9801635780761595
2019-05-15,-1.88443696176712
2019-05-16,-1.8165199619179349
2019-05-17,-2.033236404903578
2019-05-20,-2.2490848656624216
2019-05-21,-1.7020558264102725
2019-05-22,-1.953537707762396
2019-05-23,-2.4870421728782777
2019-05-24,-2.46890829778518
2019-05-27,-2.3252318572996993
2019-05-28,-2.442645956805497
2019-05-29,-2.3438596259838107
2019-05-30,-2.6271303953002474
2019-05-31,-2.6495347677882477
2019-06-03,-2.316862137073776
2019-06-04,-2.009345817300029
2019-06-05,-2.138863501167409
2019-06-06,-1.9429019264655982
2019-06-07,-1.9044690491501226
2019-06-10,-1.7569802956139906
2019-06-11,-1.6460274545419367
2019-06-12,-1.783191901648989
2019-06-13,-1.4560725185760135
2019-06-14,-1.4342859729066608
2019-06-17,-1.413746565526388
2019-06-18,-1.0147866832616637
2019-06-19,-1.0359632506181042
2019-06-20,-0.9593701775174086
2019-06-21,-0.8929974444750806
2019-06-24,-1.0116838886235298
2019-06-25,-0.8506036630552404
2019-06-26,-0.5617289514674803
2019-06-27,3.9036413702245865
2019-06-28,3.5554368458331975
2019-07-01,3.330047922146999
2019-07-02,3.2468604416086846
2019-07-03,2.73338262632403
2019-07-04,2.5579157206266014
2019-07-05,2.4003767322096494
2019-07-08,2.069488610213284
2019-07-09,1.7787952194705534
2019-07-10,1.6373582426042241
2019-07-11,1.5372142004135225
2019-07-12,1.5345579002874057
2019-07-15,1.5902425870692618
2019-07-16,1.5648070489839714
2019-07-17,1.4833593748405367
2019-07-18,1.460323976244789
2019-07-19,1.2628529366046457
2019-07-22,1.2032278636171974
2019-07-23,1.1630012617968186
2019-07-24,1.22821559468499
2019-07-25,1.0741278953116717
2019-07-26,1.0898978258621492
2019-07-29,1.0559600007712655
2019-07-30,1.0366103887448985
2019-07-31,0.9939200391854095
2019-08-01,0.8711577404788606
2019-08-02,0.7889527961419692
2019-08-05,0.7135179406251803
2019-08-06,0.6591491224136411
2019-08-07,0.6306983845763632
2019-08-08,0.5090277493338337
2019-08-09,0.3536404828617284
2019-08-12,0.2517443631005452
2019-08-13,0.27349312569674206
2019-08-14,-0.028349020293701642
2019-08-15,-0.20669213828936497
2019-08-16,-0.15531008041508296
2019-08-19,-0.0055065003801156205
2019-08-20,0.06630887491227591
2019-08-21,0.11719393504972483
2019-08-22,0.09208108288901899
2019-08-23,-0.08109966876776403
2019-08-26,-0.1810805850632674
2019-08-27,-0.27630910476215753
2019-08-28,-0.16449828038341774
2019-08-29,0.33618828031310033
2019-08-30,0.3497164909716947
2019-09-02,0.32282725040147237
2019-09-03,0.255584798598856
2019-09-04,0.26580629454346494
2019-09-05,0.48619835269240436
2019-09-06,0.2872503900403968
2019-09-09,0.5041995687095646
2019-09-10,0.4606705263046685
2019-09-11,0.7598458077867508
2019-09-12,1.118423468339055
2019-09-13,1.1261106979499054
2019-09-16,1.21544950083393
2019-09-17,1.2102777000733285
2019-09-18,1.0504645655971236
2019-09-19,0.947283632251593
2019-09-20,0.8331556067118135
2019-09-23,0.8230325811338814
2019-09-24,0.8860442924283605
2019-09-25,1.4199087751806567
2019-09-26,1.3280891303748124
2019-09-27,1.1943862118747273
2019-09-30,1.1748249621385773
2019-10-01,0.9814308040281458
2019-10-02,1.144598132947475
2019-10-03,0.9350802187130374
2019-10-04,0.9937755244697493
2019-10-07,0.5896160293974392
2019-10-08,0.06657463447658782
2019-10-09,0.1350823096442301
2019-10-10,0.15382903602804052
2019-10-11,0.9648849298133017
2019-10-14,0.9416544158431317
2019-10-15,0.9075206462484964
2019-10-16,0.7103094624763447
2019-10-17,1.1602382410189274
2019-10-18,1.4486905443307625
2019-10-21,0.9982187096339985
2019-10-22,1.3119024565291277
2019-10-23,1.3030852640495556
2019-10-24,1.1411528136508267
2019-10-25,1.1466482612302547
2019-10-27,1.1111993152849673
2019-10-28,1.1332955107422749
2019-10-29,1.2027333225437624
2019-10-30,0.8543792551226513
2019-10-31,0.5967530763022106
2019-11-01,0.595081282155667
2019-11-04,0.7611979200466035
2019-11-05,0.5901580499928089
2019-11-06,0.32060156214700813
2019-11-07,0.4653320275712026
2019-11-08,0.399271610417807
2019-11-11,0.6093938121654561
2019-11-12,0.7816851230435284
2019-11-13,0.4468462453022158
2019-11-14,0.6597732371019678
2019-11-15,0.5198935626144059
2019-11-18,0.4670543930423779
2019-11-19,0.46608712357431653
2019-11-20,-0.08880676157970414
2019-11-21,-0.2053280875740887
2019-11-22,0.03224017639258985
2019-11-25,-0.07695811332984587
2019-11-26,-0.9933940832044112
2019-11-27,-1.0820084943704706
2019-11-28,-1.201075441867712
2019-11-29,-1.5548746439728591
2019-12-02,-2.4544429076243235
2019-12-03,-2.0918319360593807
2019-12-04,-1.6211473085158026
2019-12-05,-1.173936517817786
2019-12-06,-0.4699249030995574
2019-12-09,-1.0632251500490577
2019-12-10,-0.4386712076085987
2019-12-11,-0.5439785128061139
2019-12-12,-0.24818847670966382
2019-12-13,-0.5495740559537755
2019-12-16,-0.4956277616885259
2019-12-17,-0.3924570731091344
2019-12-18,-0.6428182510711158
2019-12-19,-0.7150945877134539
2019-12-20,-1.0060111972336494
2019-12-23,-1.0625513761347716
2019-12-24,-1.0888608716483172
2019-12-26,-1.2008368805401215
2019-12-27,-1.4553096004218236
2019-12-30,-1.6216176166420526
2019-12-31,-1.1385980838446907
2020-01-01,-1.1726818538909063
2020-01-02,-0.8697845556354404
2020-01-03,-1.3899297502707622
2020-01-06,-2.2671888946734953
2020-01-07,-1.1627847122991246
2020-01-08,-1.4001063630371473
2020-01-09,-2.055056960502748
2020-01-10,-2.575824123310048
2020-01-13,-1.8608931863417126
2020-01-14,-1.371131491619126
2020-01-15,-1.253614665074697
2020-01-16,-3.756757072175589
2020-01-17,-3.39368326071507
2020-01-20,-3.086626877331473
2020-01-21,-3.5741674829476935
2020-01-22,-3.364557356465894
2020-01-23,-2.8961707206880996
2020-01-24,-3.0564188070229057
2020-01-27,-2.953577610653314
2020-01-28,-2.7450781418299153
2020-01-29,-2.3830650986056563
2020-01-30,-2.470609986251062
2020-01-31,-2.3803131228613013
2020-02-03,-1.6377712716562884
2020-02-04,-1.3844829243317465
2020-02-05,-0.9480683497514864
2020-02-06,-1.2379527500296617
2020-02-07,-1.1322837530701586
2020-02-10,-1.0006138556856716
2020-02-11,-1.1295510497539933
2020-02-12,-1.0729100943301775
2020-02-13,-1.1180146876664143
2020-02-14,-0.9236444021282685
2020-02-17,-0.893237113959047
2020-02-18,-0.41380860073269826
2020-02-19,-0.010858337129796308
2020-02-20,-0.1861159707788291
2020-02-21,-0.09029346550273933
2020-02-24,-0.3383813731030549
2020-02-25,-0.8925759454185986
2020-02-26,-0.9115150150002531
2020-02-27,-1.2833174423053004
2020-02-28,-0.9864231337646943
2020-03-02,-1.375411213288714
2020-03-03,-1.9381680241494814
2020-03-04,-1.94375016266343
2020-03-05,-2.322944137641875
2020-03-06,-2.3613623792905583
2020-03-09,-3.573568077954583
2020-03-10,-3.0962440534404134
2020-03-11,-2.8393568468195087
2020-03-12,-3.417627784099115
2020-03-13,-2.9039620719186416
2020-03-16,-3.4035329744739062
2020-03-17,-2.8243097052122628
2020-03-18,-3.1904986830384803
2020-03-19,-2.8314447142925907
2020-03-20,-2.6151090893017166
2020-03-23,-2.169749944521338
2020-03-24,-1.2385003528384393
2020-03-25,-1.211762387519688
2020-03-26,-1.1925731188337994
2020-03-27,-1.3503738090871398
2020-03-30,-1.503288889371572
2020-03-31,-1.293236162183001
2020-04-01,-1.0587053925706393
2020-04-02,-1.14087120665262
2020-04-03,-1.0744644460141133
2020-04-06,-0.59050332926178
2020-04-07,-0.41935687915966635
2020-04-08,-0.13887028411919428
2020-04-09,-0.10449935469750112
2020-04-13,-0.019772765423109046
2020-04-14,-0.023142257728512198
2020-04-15,-0.23834114304688284
2020-04-16,-0.5438469890549601
2020-04-17,-0.22270982913457532
2020-04-20,-0.1991296299188289
2020-04-21,-0.20328569812989872
2020-04-22,-0.25259502160264835
2020-04-23,-0.30890433273493634
2020-04-24,-0.35482236172022374
2020-04-27,-0.20910955685022606
2020-04-28,0.08118746763215885
2020-04-29,0.4111201917973618
2020-04-30,0.27031976766977217
2020-05-01,0.07178522343444593
2020-05-04,0.2258790477723242
2020-05-05,0.22764864823037442
2020-05-06,0.22904006609558408
2020-05-07,0.11819239851276682
2020-05-08,0.45309199155648555
2020-05-11,0.2865585490870657
2020-05-12,0.13877381447799847
2020-05-13,-0.006041303697764251
2020-05-14,-0.08596858788006825
2020-05-15,-0.15994655350089274
2020-05-18,0.5332259099563244
2020-05-19,0.5669563530948514
2020-05-20,0.8081489988662126
2020-05-21,0.7243264796872337
2020-05-22,0.8818426912317617
2020-05-25,0.9234996719154185
2020-05-26,1.187657361178063
2020-05-27,1.6911726338611652
2020-05-28,1.3304649964600572
2020-05-29,1.1372036502279048
2020-06-01,1.2545635068103274
2020-06-02,1.2457856495544213
2020-06-03,1.5001792295404275
2020-06-04,1.8691077157475762
2020-06-05,1.734718109896788
2020-06-08,1.8464873371904313
2020-06-09,1.6848478680276615
2020-06-10,1.2908371111062773
2020-06-11,0.7066443169532951
2020-06-12,1.2945271135217586
2020-06-15,1.5934176861442595
2020-06-16,1.4363678598553091
2020-06-17,1.289775836163362
2020-06-18,1.244381691960846
2020-06-19,1.3640491532607903
2020-06-22,1.4223911866087713
2020-06-23,1.7328862331879171
2020-06-24,1.290470559619078
2020-06-25,1.7469614098978374
2020-06-26,0.794556442316688
2020-06-29,0.6926587909211895
2020-06-30,0.5736227083639373
2020-07-01,0.29759761866580514
2020-07-02,0.3266899236755523
2020-07-03,0.3115659532978796
2020-07-06,0.668001721927738
2020-07-07,0.5908618147662488
2020-07-08,-0.011841649585528849
2020-07-09,-0.41001215681066494
2020-07-10,0.016424455962927288
2020-07-13,0.08543039103628196
2020-07-14,1.1396507484929999
2020-07-15,1.4069985745825733
2020-07-16,1.7812858794455966
2020-07-17,1.4128711850299358
2020-07-20,1.0783806554292457
2020-07-21,1.0646861387266453
2020-07-22,1.0108328479125839
2020-07-23,0.570911332602769
2020-07-24,0.5917074040620812
2020-07-27,0.7981261004756774
2020-07-28,0.2061259513174052
2020-07-29,0.39592286044272634
2020-07-30,0.34168355839218634
2020-07-31,0.13362515590397384
2020-08-03,-0.01803165824157751
2020-08-04,-0.5105905626459848
2020-08-05,0.35973533599998825
2020-08-06,0.3771711568901531
2020-08-07,0.26248068832049565
2020-08-10,0.8095593825084473
2020-08-11,0.12190815390878791
2020-08-12,0.2616148228587856
2020-08-13,0.42584009249227167
2020-08-14,1.2798268267429402
2020-08-17,0.6605487652553805
2020-08-18,0.21082097882342762
2020-08-19,0.1987005928128034
2020-08-20,0.1505700063390744
2020-08-21,0.05229556091080183
2020-08-24,0.7833092861856735
2020-08-25,0.5490910168801002
2020-08-26,0.5780809866204011
2020-08-27,0.2761298782600071
2020-08-28,-0.2459317856615513
2020-08-31,-0.8383761464236986
2020-09-01,-0.6731129475035732
2020-09-02,-0.5309305732197377
2020-09-03,-0.9184442731482573
2020-09-04,-0.8707091289829139
2020-09-07,-0.8419344795488858
2020-09-08,-1.3847417008084093
2020-09-09,-1.070944056665509
2020-09-10,-1.704331021833057
2020-09-11,-1.0893086276517476
2020-09-14,-1.5548317644417782
2020-09-15,-1.4870386554125836
2020-09-16,-1.316002010055704
2020-09-17,-1.4428110636543066
2020-09-18,-1.8984381995158761
2020-09-21,-2.7131223514983724
2020-09-22,-2.684326178600711
2020-09-23,-2.795640269919567
2020-09-24,-2.3095972955487514
2020-09-25,-2.5472439043738673
2020-09-28,-2.1659036024254914
2020-09-29,-2.839812162012053
2020-09-30,-2.557618928989329
2020-10-01,-2.0976602089090353
2020-10-02,-2.2123245499484594
2020-10-05,-2.051042743909119
2020-10-06,-2.0813562748610748
2020-10-07,-1.8534629520310677
2020-10-08,-1.788535226023736
2020-10-09,-2.406295720257577
2020-10-12,-2.2816240844152
2020-10-13,-1.975181800982502
2020-10-14,-1.6333313669375666
2020-10-15,-2.011054703648334
2020-10-16,-1.8342602008855757
2020-10-19,-1.6001921060698316
2020-10-20,-1.2503690468452833
2020-10-21,-1.0263803603034825
2020-10-22,-0.7320584980740837
2020-10-23,-0.8170941980981528
2020-10-26,-0.8986475378714506
2020-10-27,-0.7851997509071841
2020-10-28,-1.0018684252165804
2020-10-29,-0.6166032064722805
2020-10-30,-0.8262864640758455
2020-11-02,-0.8886478892144193
2020-11-03,-1.0539953906297403
2020-11-04,-1.4550040041972219
2020-11-05,-0.7800751166806165
2020-11-06,-0.6495035777787878
2020-11-09,0.13794187186788104
2020-11-10,0.23806091601903837
2020-11-11,0.15940061397742597
2020-11-12,-0.04766972475419154
2020-11-13,0.4323420117259197
2020-11-14,0.4770498800524612
2020-11-16,0.8156161815515529
2020-11-17,0.9036486710304557
2020-11-18,0.75053629971215
2020-11-19,1.314763525640343
2020-11-20,1.2577613325844657
2020-11-23,2.134392276212292
2020-11-24,2.4000935851685106
2020-11-25,2.2617550011611276
2020-11-26,2.192589872767416
2020-11-27,1.8173386679129182
2020-11-30,0.8548651713710559
2020-12-01,1.4428733268793816
2020-12-02,1.5679777423255286
2020-12-03,1.8250710621571855
2020-12-04,2.1626628400943715
2020-12-07,2.230371957032367
2020-12-08,2.3636491485974056
2020-12-09,1.5836246210604257
2020-12-10,1.7828666537084312
2020-12-11,1.7038706578495952
2020-12-14,0.9684548371004608
2020-12-15,1.321296353583596
2020-12-16,0.895616385482743
2020-12-17,0.9047288537502781
2020-12-18,0.7240667456560351
2020-12-21,1.0795726181209164
2020-12-22,1.1498716272907625
2020-12-23,1.1616002220372708
2020-12-24,1.039667495071687
2020-12-28,1.0950007455153565
2020-12-29,1.1920244663436586
2020-12-30,1.2224974477845032
2020-12-31,1.5346330392625993
2021-01-01,1.4875844475073918
2021-01-04,1.189159048529455
2021-01-05,1.0260752468622363
2021-01-06,1.5547884087702957
2021-01-07,1.508805782274795
2021-01-08,1.566718215520742
2021-01-11,1.6095715994959874
2021-01-12,1.5634458726881733
2021-01-13,1.4038970539243303
2021-01-14,1.6392456107102902
2021-01-15,1.2888236198286678
2021-01-18,1.2509932695720685
2021-01-19,1.3585233397502612
2021-01-20,1.4911332248401028
2021-01-21,-0.31977115254713173
2021-01-22,-0.5274347991819633
2021-01-25,-0.8417217273484341
2021-01-26,-1.299570712724702
2021-01-27,-1.0732107515228166
2021-01-28,-1.0725929581831746
2021-01-29,-1.3644457006872055
2021-02-01,-0.6834121022299958
2021-02-02,-0.6035317033719735
2021-02-03,-0.3134844784325858
2021-02-04,-0.41744833943811516
2021-02-05,-0.5036310883435701
2021-02-08,-0.3424221059318447
2021-02-09,-0.8083977933918589
2021-02-10,-1.1839378702126397
2021-02-11,-1.3361928660193099
2021-02-12,-1.295065189484867
2021-02-15,-1.2845383475656977
2021-02-16,-0.7358517287961972
2021-02-17,-1.4359287459180716
2021-02-18,-2.1002236318919993
2021-02-19,-0.9567029208123162
2021-02-22,-0.674991274746653
2021-02-23,-0.5005037344363215
2021-02-24,-0.01184798841561157
2021-02-25,-1.4836153680001036
2021-02-26,-0.9568083142252825
2021-03-01,0.13511445333621866
2021-03-02,-0.3760734756722392
2021-03-03,0.9764995044388867
2021-03-04,0.6294288380472378
2021-03-05,0.6585766903515318
2021-03-08,0.5242687187861667
2021-03-09,1.09586416429257
2021-03-10,1.6888616891229848
2021-03-11,1.570786028501722
2021-03-12,1.4151831973903228
2021-03-15,0.6790353718006572
2021-03-16,0.4408308652735849
2021-03-17,0.7012000439923866
2021-03-18,0.6983784258989483
2021-03-19,0.3898716718153656
2021-03-22,-0.1544068795683868
2021-03-23,-0.6393332667248459
2021-03-24,-0.26591617826289676
2021-03-25,0.06279689191284987
2021-03-26,0.4771761971939661
2021-03-29,0.46613567640624504
2021-03-30,1.204093870614739
2021-03-31,1.31794338758927
2021-04-01,1.009007136843474
2021-04-05,0.8143581820665262
2021-04-06,0.29487137391692664
2021-04-07,0.4733546353226868
2021-04-08,0.1779254734941239
2021-04-09,0.4726135632434793
2021-04-12,0.5873751503162551
2021-04-13,-0.005216633960384097
2021-04-14,0.3324895543328176
2021-04-15,0.044963299420587306
2021-04-16,1.1934105954915897
2021-04-19,1.1055255557548398
2021-04-20,0.36197443975703736
2021-04-21,0.006368634848807661
2021-04-22,-0.2584580878845397
2021-04-23,0.18189824814677955
2021-04-26,0.3946364883168205
2021-04-27,0.4736846452226668
2021-04-28,0.37941751517555394
2021-04-29,0.28237477717288884
2021-04-30,0.17395254148877384
2021-05-03,0.4867505046580644
2021-05-04,0.6201161196875671
2021-05-05,0.7847358019295609
2021-05-06,-0.1439495166832935
2021-05-07,-0.4680750485910849
2021-05-10,-0.462671367551529
2021-05-11,-0.31128694360529063
2021-05-12,-0.5144226340329473
2021-05-13,-0.07803453876460734
2021-05-14,0.06403384486269745
2021-05-17,-0.4805342705439152
2021-05-18,-0.385087611663599
2021-05-19,-0.8316973710717931
2021-05-20,-0.7966998885766516
2021-05-21,0.03440408942521481
2021-05-24,-0.2302081715369464
2021-05-25,-0.7056569066654642
2021-05-26,-0.6642489121486651
2021-05-27,-1.0638802810074626
2021-05-28,-1.0982524745073903
2021-05-31,-1.0654890933616799
2021-06-01,0.21314315305025544
2021-06-02,0.3680116386709442
2021-06-03,0.6386438091147618
2021-06-04,-0.5325256765422304
2021-06-07,-0.5182822184938009
2021-06-08,-0.42186492295622685
2021-06-09,-0.9446118313142671
2021-06-10,-1.9383779638459147
2021-06-11,-1.5766533544687376
2021-06-14,-2.4640839663141763
2021-06-15,-1.8369349315853158
2021-06-16,-2.5537396914948025
2021-06-17,-1.9400250035620998
2021-06-18,-2.3242637856617114
2021-06-21,-2.0134180119415706
2021-06-22,-1.8542689400933978
2021-06-23,-1.370396777670721
2021-06-24,-0.7766622378300534
2021-06-25,-2.1399858868036596
2021-06-28,-2.0962547570435146
2021-06-29,-2.399805486241801
2021-06-30,-2.2021091230793792
2021-07-01,-1.7678627967753837
2021-07-02,-2.1740450660786954
2021-07-05,-2.061030692418742
2021-07-06,-2.06815236591055
2021-07-07,-1.535872354358926
2021-07-08,-0.8815278630203407
2021-07-09,-0.9069510246459838
2021-07-12,-0.757886858099381
2021-07-13,-2.285463847670973
2021-07-14,-2.088201185623815
2021-07-15,-2.10436793084032
2021-07-16,-2.209549848934608
2021-07-19,-1.663856683089943
2021-07-20,-0.9156775788867699
2021-07-21,0.0824782347276616
2021-07-22,-0.3385193513893478
2021-07-23,-0.7430866937099209
2021-07-26,-0.14817774554608149
2021-07-27,0.049820397990035896
2021-07-28,-0.6438739393128756
2021-07-29,-1.21332113410214
2021-07-30,-0.9289878576537014
2021-08-02,-1.5399167233963957
2021-08-03,-0.4952728261070871
2021-08-04,-0.807838321144992
2021-08-05,-1.1187832885514193
2021-08-06,-0.16795697283400807
2021-08-09,0.2980006745819588
2021-08-10,1.139685724949652
2021-08-11,1.2271641167420295
2021-08-12,1.6085314059450564
2021-08-13,1.2535624213123533
2021-08-16,0.6448865729939135
2021-08-17,0.011658813210305876
2021-08-18,0.7038968060383087
2021-08-19,-1.037652658582416
2021-08-20,-0.7252349677797322
2021-08-23,-0.20983302040443597
2021-08-24,-0.2504949145259214
2021-08-25,-0.26694767153678256
2021-08-26,-0.6638092901435421
2021-08-27,0.10891534818963307
2021-08-30,0.25064358650081325
2021-08-31,-1.1033885955755245
2021-09-01,0.11167808170089813
2021-09-02,0.6021683960513787
2021-09-03,0.09509378705297522
2021-09-06,0.09536288158349882
2021-09-07,-0.8187545091130141
2021-09-08,-1.8752058868595978
2021-09-09,-1.9028742360584463
2021-09-10,-2.4942538644170322
2021-09-13,-2.139342092642768
2021-09-14,-1.4410249440823528
2021-09-15,-1.1221030331886637
2021-09-16,-1.6935884128345389
2021-09-17,-1.841005722135621
2021-09-20,-1.5348321696610776
2021-09-21,-2.227392083268033
2021-09-22,-2.6112115106272826
2021-09-23,-2.4049920910920592
2021-09-24,-1.9343401786829029
2021-09-27,-0.6026778923240035
2021-09-28,-1.3878103224016562
2021-09-29,-1.3357273058850887
2021-09-30,-0.9594645352575268
2021-10-01,-0.6984466990844974
2021-10-04,-1.498222341468259
2021-10-05,-1.596447029504148
2021-10-06,-1.7722927606153447
2021-10-07,-2.223557542799205
2021-10-08,-2.5389660110932937
2021-10-11,-2.963375291738335
2021-10-12,-2.609543102155571
2021-10-13,-1.7729242208251998
2021-10-14,-2.3718127972437015
2021-10-15,-1.3204292175444794
2021-10-18,-1.3207262058307383
2021-10-19,-1.3506222702811301
2021-10-20,-1.2687143379212833
2021-10-21,-0.2732666052437614
2021-10-22,-0.1602705661623013
2021-10-25,0.18578914560613627
2021-10-26,0.26186563302752097
2021-10-27,0.9011791132208992
2021-10-28,0.3234988072993515
2021-10-29,0.5576613116974923
2021-11-01,0.5657454601628014
2021-11-02,0.8610061623793505
2021-11-03,1.3525625631884568
2021-11-04,2.0774865872650135
2021-11-05,2.4993228812290997
2021-11-08,2.4823008985942026
2021-11-09,2.4551687787602825
2021-11-10,2.1266956635534817
2021-11-11,2.258185352353392
2021-11-12,2.1543329416847685
2021-11-15,2.1479105682806443
2021-11-16,2.190050384748994
2021-11-17,1.6565649301749317
2021-11-18,1.5384924384415948
2021-11-19,1.0873773201923724
2021-11-22,1.2228675068251258
2021-11-23,1.3140222474960646
2021-11-24,1.353708393510885
2021-11-25,1.3218219824154003
2021-11-26,1.5000460628141694
2021-11-29,1.5046588836859236
2021-11-30,1.1706799935324133
2021-12-01,0.5558486374413215
2021-12-02,0.9396119092401697
2021-12-03,0.7459943434242947
2021-12-06,1.0922398554846378
2021-12-07,1.0171063283140014
2021-12-08,1.32530191595389
2021-12-09,1.4161065553803702
2021-12-10,1.4009235055035159
2021-12-13,0.9481152720567557
2021-12-14,1.3923042609523286
2021-12-15,1.5575447495186614
2021-12-16,1.2695871049901646
2021-12-17,1.1073044317039722
2021-12-20,1.2909345511717134
2021-12-21,0.9811463111301711
2021-12-22,0.7239028543301813
2021-12-23,0.6817517879607522
2021-12-24,0.6584796303727107
2021-12-27,0.6753424236987937
2021-12-28,0.592059430069667
2021-12-29,0.7500082741004961
2021-12-30,0.678221121010346
2021-12-31,0.859365212942005
2022-01-03,0.9220833747910191
2022-01-04,0.29123971909909707
2022-01-05,-0.09772279907373337
2022-01-06,-0.2679245469962652
2022-01-07,0.21861806804880576
2022-01-10,-0.04095717652626289
2022-01-11,-0.44437216550033265
2022-01-12,-0.8049807158833281
2022-01-13,-0.8295444546978741
2022-01-14,-0.9463435535703778
2022-01-17,-1.017212456385514
2022-01-18,-1.764194876928414
2022-01-19,-2.2169816708718333
2022-01-20,-2.5677784642957064
2022-01-21,-2.6973063643959416
2022-01-24,-2.2039575005697603
2022-01-25,-2.190209570548308
2022-01-26,-2.1893162393483934
2022-01-27,-2.608042911166625
2022-01-28,-2.8052508010009385
2022-01-31,-2.3315152993768344
2022-02-01,-1.9814805085786549
2022-02-02,-1.3798704818640686
2022-02-03,-1.2294655412141897
2022-02-04,-1.2462728804106884
2022-02-07,-1.644536081862268
2022-02-08,-1.332702822299631
2022-02-09,-1.5530955632251886
2022-02-10,-1.6107517724729357
2022-02-11,-1.0653831043912236
2022-02-14,-0.9316141111217494
2022-02-15,-0.888167800959365
2022-02-16,-0.7796026892406466
2022-02-17,-0.8655680973644192
2022-02-18,-0.5906499519558834
2022-02-21,-0.5675471739473192
2022-02-22,-1.207269259054373
2022-02-23,-1.0742368655375985
2022-02-24,-1.8996958526955359
2022-02-25,-1.0914637077704052
2022-02-28,-1.3550744230615412
2022-03-01,-1.4554374352501425
2022-03-02,-1.6960284339587954
2022-03-03,-2.3478381570014903
2022-03-04,-2.139581028135469
2022-03-07,-1.823348911619241
2022-03-08,-0.7092899615595171
2022-03-09,0.1933300322316632
2022-03-10,0.08404853781332203
2022-03-11,-0.7421513538985395
2022-03-14,-0.502837830452274
2022-03-15,0.3090486001975605
2022-03-16,0.3071720149503854
2022-03-17,0.33589476134758717
2022-03-18,0.25839692404415054
2022-03-21,0.3297068887361228
2022-03-22,0.3472635518735069
2022-03-23,0.024842647365792836
2022-03-24,-0.004657145262185863
2022-03-25,-0.12076313180493589
2022-03-28,-0.13355583618991293
2022-03-29,0.9231426407445459
2022-03-30,0.14744467071819436
2022-03-31,0.3727041149123533
2022-04-01,0.8052427288688448
2022-04-04,1.122911384607658
2022-04-05,0.8225542215498873
2022-04-06,1.0904780066216575
2022-04-07,1.388674721407067
2022-04-08,1.232669416564333
2022-04-11,2.282044556546783
2022-04-12,2.083612403641304
2022-04-13,2.66052909019769
2022-04-14,2.160636684530879
2022-04-18,2.217911446937441
2022-04-19,2.0926458735231863
2022-04-20,1.8346198013530963
2022-04-21,-0.13581756577523885
2022-04-22,-0.31044404425050764
2022-04-25,0.8986867597841397
2022-04-26,0.9329064634385869
2022-04-27,1.0917840289976044
2022-04-28,1.681858648011534
2022-04-29,0.8562288703373275
2022-05-02,0.6148323717560992
2022-05-03,1.6064118767377782
2022-05-04,1.4998868910782133
2022-05-05,1.3567855265294193
2022-05-06,1.506252185723281
2022-05-09,1.2076194256155661
2022-05-10,1.3882355891221827
2022-05-11,1.2497448069283115
2022-05-12,1.217954809482008
2022-05-13,1.3590811768346522
2022-05-16,1.317101208966944
2022-05-17,1.2802462724104282
2022-05-18,1.093834009261052
2022-05-19,0.8643398388922975
2022-05-20,0.3283154698840747
2022-05-23,0.593600046539508
2022-05-24,0.7802654619980012
2022-05-25,0.904175568828976
2022-05-26,1.257301886406151
2022-05-27,1.3621881001117924
2022-05-30,1.3978552415560976
2022-05-31,1.8481805435058845
2022-06-01,2.5840994096453347
2022-06-02,2.605705078672087
2022-06-03,2.1616054337276362
2022-06-06,1.8990231417355814
2022-06-07,2.0759851455847382
2022-06-08,1.1485270957504345
2022-06-09,0.6077159810587446
2022-06-10,0.9878560588131886
2022-06-13,0.7537725548472791
2022-06-14,1.238008776354938
2022-06-15,1.2898086319822222
2022-06-16,1.8471702637442358
2022-06-17,1.8386774862938222
2022-06-20,1.7813637640002506
2022-06-21,1.592249207366587
2022-06-22,1.8583559193779131
2022-06-23,1.3724057372543073
2022-06-24,2.075075786035614
2022-06-27,1.5477388025598993
2022-06-28,1.6358585435437698
2022-06-29,1.4663263398869557
2022-06-30,1.2479391749980961
2022-07-01,1.1760081416987291
2022-07-04,1.1414178954494125
2022-07-05,1.039729487419595
2022-07-06,0.9862468077209082
2022-07-07,1.2371142473882224
2022-07-08,1.06678973417332
2022-07-11,1.0464235199638332
2022-07-12,1.1152801393254923
2022-07-13,1.1764269267896141
2022-07-14,0.2632813724239903
2022-07-15,0.6112638003244791
2022-07-18,-0.2732462413149763
2022-07-19,0.8026503694244077
2022-07-20,0.3575721007046754
2022-07-21,0.45338163924242236
2022-07-22,-0.10710621213926626
2022-07-25,0.8439745828165648
2022-07-26,0.740898476594437
2022-07-27,1.0080014864546158
2022-07-28,0.9096404131980219
2022-07-29,1.2203803711020387
2022-08-01,1.311953886960148
2022-08-02,1.5598018542879521
2022-08-03,2.0251592947021124
2022-08-04,1.4925082558610667
2022-08-05,1.5161959070433626
2022-08-08,0.8822699857120269
2022-08-09,0.6930018601606228
2022-08-10,1.2359283711587024
2022-08-11,0.8462473008475827
2022-08-12,1.917182104573005
2022-08-15,2.293586511500467
2022-08-16,2.514734828736024
2022-08-17,1.9178629922167079
2022-08-18,2.352525137791287
2022-08-19,1.8883470469738264
2022-08-22,1.5590710029569617
2022-08-23,1.6834859273736114
2022-08-24,1.812345549316305
2022-08-25,2.2242503808655654
2022-08-26,1.0880187685704144
2022-08-29,1.016119157895915
2022-08-30,1.3750605139026244
2022-08-31,1.4589787027281078
2022-09-01,1.9921936414224881
2022-09-02,2.198494738806317
2022-09-05,2.125863746418722
2022-09-06,2.106789950701526
2022-09-07,2.3036675175611907
2022-09-08,2.180781345089494
2022-09-09,2.357914465853462
2022-09-12,2.202971308514991
2022-09-13,1.4129382370424475
2022-09-14,0.7195328991849954
2022-09-15,-0.05749544783168477
2022-09-16,0.10057422705125592
2022-09-19,0.9276555510706596
2022-09-20,0.7430301723066108
2022-09-21,0.33544139691673114
2022-09-22,-0.5209731476223096
2022-09-23,-0.4495688532762576
2022-09-26,-0.3570885465608201
2022-09-27,0.059064631104562414
2022-09-28,-0.011761184034375323
2022-09-29,-0.9929602172000063
2022-09-30,-1.0561962745890936
2022-10-03,-0.6981385166412251
2022-10-04,-1.5828633138902777
2022-10-05,-1.7090770263386028
2022-10-06,-1.712020825982715
2022-10-07,-1.225019990580619
2022-10-10,-0.861201676596438
2022-10-11,-0.9716051302481375
2022-10-12,-1.2834243436929456
2022-10-13,-1.9056098880852452
2022-10-14,-1.9538229950667054
2022-10-17,-0.733894530940255
2022-10-18,0.033171041645567126
2022-10-19,-0.3113255759454356
2022-10-20,-0.5040560570865452
2022-10-21,0.10983172347090475
2022-10-24,0.007785294392650121
2022-10-25,0.13972496875877688
2022-10-26,-1.1037481176826591
2022-10-27,-0.838592837272833
2022-10-28,-0.11311851634636906
2022-10-31,-0.44628447477654676
2022-11-01,-0.36098288745827845
2022-11-02,-1.24256638708193
2022-11-03,-1.421136773638497
2022-11-04,-1.3513486514843742
2022-11-07,-1.221433442663812
2022-11-08,-1.1982467198285587
2022-11-09,-1.0576600472774569
2022-11-10,-0.5556465901265207
2022-11-11,-1.0769522121375972
2022-11-14,-0.7838582693782477
2022-11-15,-0.3114448029452741
2022-11-16,-0.13276919231002
2022-11-17,-0.15780156441257176
2022-11-18,-0.5500471563282165
2022-11-21,-0.13385136950518522
2022-11-22,-0.11323822628487547
2022-11-23,0.14546171504534253
2022-11-24,0.16900244403836193
2022-11-25,0.361065823408289
2022-11-28,0.13127083375636892
2022-11-29,0.4196487529684448
2022-11-30,-0.20036143458405037
2022-12-01,-0.5733751613534679
2022-12-02,-1.1132730213724413
2022-12-05,-1.8480525252430944
2022-12-06,-1.2182686629517563
2022-12-07,-1.4058607164722305
2022-12-08,-1.3406142701132304
2022-12-09,-1.4806560390024734
2022-12-12,-0.26306542277446865
2022-12-13,-0.9927739430322301
2022-12-14,-0.7058914060592498
2022-12-15,-0.6113972366952112
2022-12-16,-0.902074840729193
2022-12-19,-0.570301350768607
2022-12-20,-0.10695005531121006
2022-12-21,-0.2729754089829235
2022-12-22,-1.032837800724398
2022-12-23,-0.7266031931400909
2022-12-26,-0.7052424497459794
2022-12-27,-0.42195283319220933
2022-12-28,-0.5556155450303144
2022-12-29,-0.11861873856890572
2022-12-30,-0.21900353548483378
2023-01-02,-0.21328001796521798
2023-01-03,1.1589529977552353
2023-01-04,2.3713315690361716
2023-01-05,2.49874972045562
2023-01-06,2.255240474689906
2023-01-09,0.6037313554068562
2023-01-10,1.0624409437021831
2023-01-11,0.030758405583553427
2023-01-12,-0.3189762741616307
2023-01-13,-0.7832688696166542
2023-01-16,-0.7561380601403273
2023-01-17,-1.1068728602044928
2023-01-18,-1.7449634083921284
2023-01-19,-1.9628572171488075
2023-01-20,-1.7411346291261516
2023-01-23,-2.0762411215522363
2023-01-24,-1.8853013977741253
2023-01-25,-2.055601764188407
2023-01-26,-1.7978439486977478
2023-01-27,-1.3384373427240506
2023-01-30,-1.3144102815640546
2023-01-31,-1.396752765362634
2023-02-01,-0.38459798218683716
2023-02-02,-0.550718365157353
2023-02-03,0.0009115517439481917
2023-02-06,0.30829220871688956
2023-02-07,0.5800005728092412
2023-02-08,0.6529546964065601
2023-02-09,0.2188198947160431
2023-02-10,0.7295309162977515
2023-02-13,1.1273827681736743
2023-02-14,1.4918671541664403
2023-02-15,1.7203409069264743
2023-02-16,1.6700134953565438
2023-02-17,1.4417935106903788
2023-02-20,1.4232332636497158
2023-02-21,0.7610783648985512
2023-02-22,1.685154986865449
2023-02-23,1.6717475751742699
2023-02-24,1.844315921608303
2023-02-27,1.7100248840155303
2023-02-28,1.8794231633051763
2023-03-01,1.6761737957804057
2023-03-02,2.1364655674968405
2023-03-03,2.3142003116890466
2023-03-06,1.9000752151894191
2023-03-07,1.6181097253731878
2023-03-08,1.7180822875362145
2023-03-09,1.308523031738691
2023-03-10,0.8307231466055255
2023-03-13,0.6786738644707976
2023-03-14,0.4454292991960153
2023-03-15,0.19874276730166268
2023-03-16,0.5154131742096226
2023-03-17,0.16624609544165694
2023-03-20,0.2893977336269528
2023-03-21,0.611238250217496
2023-03-22,-0.09654449379012349
2023-03-23,-0.43092275661965873
2023-03-24,-0.5751526599691713
2023-03-27,-0.938028678727744
2023-03-28,-1.1240004363080476
2023-03-29,-0.8851641231409544
2023-03-30,-0.7087447901891134
2023-03-31,-0.7247759053818251
2023-04-03,-0.8277924209245666
2023-04-04,-0.7972944657105063
2023-04-05,-0.6352498978143571
2023-04-06,-0.7961421093651648
2023-04-10,-0.6428447305906775
2023-04-11,-0.11744416338644388
2023-04-12,-0.5931569404755056
2023-04-13,-0.8545409517470083
2023-04-14,-1.1421783030722101
2023-04-17,-1.0450758766525763
2023-04-18,-1.313363624245172
2023-04-19,-1.680246524119167
2023-04-20,-1.7008387731057186
2023-04-21,-1.8108076052564308
2023-04-24,-1.690371069243943
2023-04-25,-1.7452132915429168
2023-04-26,-1.6864160487172477
2023-04-27,-1.360878382291255
2023-04-28,-1.6272555946195286
2023-05-01,-1.8457544869068128
2023-05-02,-2.043167158432069
2023-05-03,-1.6138442337918892
2023-05-04,-1.414772526595127
2023-05-05,-1.2468613216994362
2023-05-08,-0.922429838749735
2023-05-09,-1.1402503477822539
2023-05-10,-0.72757851960667
2023-05-11,-0.2204347345762743
2023-05-12,-0.40868348344606154
2023-05-15,-0.12356493945800068
2023-05-16,-0.4022990417769323
2023-05-17,-0.594932472326839
2023-05-18,-0.46758390456489707
2023-05-19,-0.7352784593358478
2023-05-22,-0.5454272182398289
2023-05-23,-0.3285840723933764
2023-05-24,-0.36421057816781327
2023-05-25,-0.5199629407752014
2023-05-26,-0.6547300166529337
2023-05-29,-0.636720019587767
2023-05-30,-0.6744349293035327
2023-05-31,-1.374838665941154
2023-06-01,-1.6285681451723675
2023-06-02,-0.4232905180398925
2023-06-05,-0.3762123435473149
2023-06-06,0.5383725847582478
2023-06-07,0.8551491002324529
2023-06-08,0.40469441377514387
2023-06-09,0.06967470832598444
2023-06-12,0.8172441675777248
2023-06-13,1.4475053410371472
2023-06-14,0.8412309547295869
2023-06-15,1.1602212678780979
2023-06-16,0.4590144328656633
2023-06-19,0.4806796282593632
2023-06-20,0.5381226820932358
2023-06-21,0.7731394323312114
2023-06-22,0.4192426207340175
2023-06-23,0.9167652984395722
2023-06-26,1.4240314963830445
2023-06-27,1.6772653703648517
2023-06-28,1.7090118071405458
2023-06-29,2.1649818831786587
2023-06-30,2.350131262019774
2023-07-03,2.4036266590076187
2023-07-04,2.3182919876393075
2023-07-05,1.8574098656848612
2023-07-06,1.602599631635677
2023-07-07,2.00555900479054
2023-07-10,1.8578824173648936
2023-07-11,1.778038792046796
2023-07-12,0.7827770019261069
2023-07-13,0.575253231537005
2023-07-14,-0.1370560392280451
2023-07-17,0.7013775396377934
2023-07-18,1.1834542215208679
2023-07-19,1.5145667305805008
2023-07-20,0.5315581181571399
2023-07-21,0.70850082291242
2023-07-24,0.73369427675448
2023-07-25,0.9331409109300881
2023-07-26,1.114901213369419
2023-07-27,0.7565120848267963
2023-07-28,0.5905678627723948
2023-07-31,0.18747062729997568
2023-08-01,0.34132731316511045
2023-08-02,0.711468621552199
2023-08-03,0.6026940493283108
2023-08-04,0.2535334190456479
2023-08-07,0.4544488470594921
2023-08-08,0.7303212814757606
2023-08-09,1.0953005593448206
2023-08-10,0.05960065879185638
2023-08-11,0.3992962055241896
2023-08-14,0.9852400351304457
2023-08-15,0.3484565565864714
2023-08-16,-0.1880137666594684
2023-08-17,-0.6985298821969342
2023-08-18,-0.5972289754445537
2023-08-21,-0.891154879204093
2023-08-22,-1.51149293982178
2023-08-23,-1.9853316585151763
2023-08-24,-1.7446316047986865
2023-08-25,-2.0346697543213734
2023-08-28,-2.5607128664318863
2023-08-29,-1.4064626967309746
2023-08-30,-2.30593297258658
2023-08-31,-2.09132105578352
2023-09-01,-2.293959742800129
2023-09-04,-2.1670264965928254
2023-09-05,-1.7721136085950042
2023-09-06,-1.664508948616726
2023-09-07,-2.349148316842924
2023-09-08,-2.113752545061521
2023-09-11,-2.1500069669910906
2023-09-12,-2.4382413195176307
2023-09-13,-2.2393417747626527
2023-09-14,-1.5511291654364499
2023-09-15,-1.512113244952045
2023-09-18,-1.9321934385052246
2023-09-19,-1.8528162494875915
2023-09-20,-1.9967938321708611
2023-09-21,-1.84360069980967
2023-09-22,-1.925091577997607
2023-09-25,-2.3523579365042386
2023-09-26,-2.6851348233837027
2023-09-27,-2.443594874954516
2023-09-28,-2.10397439060985
2023-09-29,-2.2987059282305715
2023-10-02,-2.062826694372518
2023-10-03,-2.080616387366764
2023-10-04,-1.6999364942019015
2023-10-05,-1.6409829446347806
2023-10-06,-1.4280185248035777
2023-10-09,-1.3255444195964712
2023-10-10,-0.7698306781135095
2023-10-11,-0.770285434049357
2023-10-12,-0.9618766087810992
2023-10-13,-0.9842087491363343
2023-10-16,-0.7636507885530956
2023-10-17,-0.4273719857826528
2023-10-18,-0.8722858683546836
2023-10-19,-1.642892925996283
2023-10-20,-1.58914199996459
2023-10-23,-1.6969591991187623
2023-10-24,-1.7160219927660139
2023-10-25,-1.8028390750511187
2023-10-26,-1.6586109216193259
2023-10-27,-1.8671506501843738
2023-10-30,-1.591729271728587
2023-10-31,-1.3405201718550044
2023-11-01,-1.345940289903372
2023-11-02,-0.8485195674094235
2023-11-03,-0.9305135857914554
2023-11-06,-1.3958623748451613
2023-11-07,-1.263847148710614
2023-11-08,-1.2366657747441365
2023-11-09,-1.332642904453678
2023-11-10,-0.986337741327383
2023-11-13,-1.0989616891124832
2023-11-14,-0.319731367836862
2023-11-15,0.05147420365621503
2023-11-16,-0.027987712494958426
2023-11-17,0.12052972477371945
2023-11-20,-0.16317849830453537
2023-11-21,-0.3202463739300934
2023-11-22,0.14968091490957902
2023-11-23,0.1827613458171262
2023-11-24,-0.03774066060608305
2023-11-27,0.26290017853691167
2023-11-28,0.13459275397039727
2023-11-29,0.6513577854486899
2023-11-30,1.0864511705740134
2023-12-01,1.3075480929621592
2023-12-04,1.3049413833335832
2023-12-05,0.8729019837766298
2023-12-06,1.1118132706509936
2023-12-07,1.368980552622258
2023-12-08,1.144633457274959
2023-12-11,1.4011276977110971
2023-12-12,0.8810858975007664
2023-12-13,1.6266418620002292
2023-12-14,2.420747821711045
2023-12-15,2.2811309568678886
2023-12-18,1.4542673810689464
2023-12-19,2.5193509645398167
2023-12-20,2.056460388555334
2023-12-21,2.4655530840279978
2023-12-22,1.791012733439981
2023-12-26,1.9501118975185814
2023-12-27,1.1974640604291773
2023-12-28,1.1851470902940615
2023-12-29,0.8129275457136936
2024-01-01,0.7906020221392297
2024-01-02,1.2195439232773588
2024-01-03,0.9628959439976422
2024-01-04,1.2398236630852333
2024-01-05,1.7002854562871068
2024-01-08,1.918859119415284
2024-01-09,1.735588630602896
2024-01-10,1.6414181645141062
2024-01-11,1.347707284348783
2024-01-12,1.1901990145706591
2024-01-15,1.1505698666367659
2024-01-16,0.5022774809193289
2024-01-17,0.398184837818362
2024-01-18,0.3699910325657001
2024-01-19,0.6774803809704656
2024-01-22,0.748998174401192
2024-01-23,0.6615581350485156
2024-01-24,0.6986798860770942
2024-01-25,0.6051473949168472
2024-01-26,0.4150221113948668
2024-01-29,0.5898859972734369
2024-01-30,0.3365231399307092
2024-01-31,-0.16205935916862646
2024-02-01,0.18316641081620852
2024-02-02,0.26570184686227866
2024-02-05,-0.7589187182475395
2024-02-06,-0.8336748834138087
2024-02-07,-0.7145666377483505
2024-02-08,-0.653313519109383
2024-02-09,-0.9988613027247151
2024-02-12,-0.6073649645392503
2024-02-13,-1.759864850852399
2024-02-14,-1.5396629801109873
2024-02-15,-0.8638452410103399
2024-02-16,-0.6639193379435556
2024-02-19,-0.7053148323982891
2024-02-20,-0.5746904694687504
2024-02-21,-0.39089869384670867
2024-02-22,0.1909503319348118
2024-02-23,-0.36503229494068684
2024-02-26,-1.1670974486543757
2024-02-27,-0.2412181293777275
2024-02-28,-0.5362241051452584
2024-02-29,-0.7717538719823303
2024-03-01,-0.9412930258561373
2024-03-04,-0.6857648157175954
2024-03-05,-0.8745339882438463
2024-03-06,-0.5506976539995905
2024-03-07,0.25657044442103366
2024-03-08,0.4464741942591635
2024-03-11,0.4551356724737575
2024-03-12,-0.1471079119282697
2024-03-13,0.5140580675480982
2024-03-14,0.6184009682166473
2024-03-15,0.4146939528266529
2024-03-18,0.8369580013281769
2024-03-19,0.1868967649628431
2024-03-20,1.0968419441995174
2024-03-21,0.4591612429247242
2024-03-22,0.11566409378261677
2024-03-25,-0.013180689829824324
2024-03-26,0.3722419044332508
2024-03-27,1.3729531704942586
2024-03-28,0.787197573684125
2024-04-01,0.83617494198651
2024-04-02,0.9525531143826915
2024-04-03,0.7699216347891719
2024-04-04,-0.3874931913108509
2024-04-05,-0.23201072165987585
2024-04-08,-0.6090077866112662
2024-04-09,-0.293043471161362
2024-04-10,-0.4393191853155473
2024-04-11,-0.44998023996777237
2024-04-12,-2.2142372424407104
2024-04-15,-3.242917223900525
2024-04-16,-3.0774809558597926
2024-04-17,-4.207088128532111
2024-04-18,-3.8077656016749515
2024-04-19,-4.17014565258215
2024-04-22,-3.217784178735386
2024-04-23,-2.0812009494079873
2024-04-24,-2.274507571400128
2024-04-25,-1.384645960136607
2024-04-26,-1.3887362350517198
2024-04-29,-1.2518708076332805
2024-04-30,-1.8410730095369279
2024-05-01,-1.7653215303513927
2024-05-02,-0.7646399148871763
2024-05-03,-0.7428853644958979
2024-05-06,-1.0203822103719304
2024-05-07,-0.6494338482962757
2024-05-08,-0.6418660168262169
2024-05-09,-0.519495353240944
2024-05-10,-0.3362593979923425
2024-05-13,0.368266480261636
2024-05-14,0.3110617657661327
2024-05-15,-0.07699760962377943
2024-05-16,0.0049688128038216746
2024-05-17,0.22435747727536037
2024-05-20,0.3050863419759563
2024-05-21,-0.3016645090838811
2024-05-22,0.12177770370473497
2024-05-23,0.055944151195537056
2024-05-24,-0.1944988752202611
2024-05-27,-0.18694862140672233
2024-05-28,-0.4954956689219738
2024-05-29,-0.7998869842462017
2024-05-30,-0.09612693342474006
2024-05-31,0.43719909051756484
2024-06-03,0.28718954534595037
2024-06-04,-0.13387850304177043
2024-06-05,0.45380057026196213
2024-06-06,0.11464784223720115
2024-06-07,0.6395941855582502
2024-06-10,0.8045146888133731
2024-06-11,1.0350343376387887
2024-06-12,0.4833899929319065
2024-06-13,0.423285440435005
2024-06-14,0.6903691410017156
2024-06-17,0.740823112852897
2024-06-18,0.8799809381461191
2024-06-19,0.8893676129472899
2024-06-20,1.0318061598701322
2024-06-21,1.540324026711108
2024-06-24,1.6841610706247154
2024-06-25,1.533044020742561
2024-06-26,1.2335052849951607
2024-06-27,1.0357515320497295
2024-06-28,1.0353401793137813
2024-07-01,1.15436287751723
2024-07-02,1.3621504035541825
2024-07-03,1.332259222223608
2024-07-04,1.3064189523565821
2024-07-05,1.563145747643109
2024-07-08,1.3376911682786385
2024-07-09,1.3676368894652637
2024-07-10,1.094538781320833
2024-07-11,1.3667413299931297
2024-07-12,1.34226211879942
2024-07-15,1.7731845377878817
2024-07-16,2.1413885418443095
2024-07-17,1.5747496119323054
2024-07-18,1.43992508542615
2024-07-19,1.5629716048827509
2024-07-22,2.104109737845001
2024-07-23,1.8463501199158348
2024-07-24,1.3490455748691188
2024-07-25,1.7884941822084544
2024-07-26,1.5588738158125675
2024-07-29,2.085885623497267
2024-07-30,2.118278704220146
2024-07-31,1.5539003627208667
2024-08-01,1.121978044459905
2024-08-02,0.6187079617341714
2024-08-05,0.48070974852117515
2024-08-06,0.14222961386942054
2024-08-07,0.10403184367128208
2024-08-08,0.8432418049024006
2024-08-09,0.5461585667529013
2024-08-12,0.5591581619690618
2024-08-13,0.5095038264828768
2024-08-14,0.27876092888412135
2024-08-15,0.24607636061472762
2024-08-16,0.25690304630136857
2024-08-19,-0.21206782614014488
2024-08-20,-1.1791728251261144
2024-08-21,-1.3174683505721607
2024-08-22,-1.7663997037660792
2024-08-23,-2.261991040961496
2024-08-26,-1.8241516019090407
2024-08-27,-2.034986450388376
2024-08-28,-2.0161337145682805
2024-08-29,-1.5363404593874386
2024-08-30,-1.626721651688642
2024-09-02,-1.5812499472416253
2024-09-03,-1.57581164815272
2024-09-04,-1.4138359739568123
2024-09-05,-1.1196002887680316
2024-09-06,-1.6960179675611766
2024-09-09,-1.4479049030478026
2024-09-10,-1.7863622652835067
2024-09-11,-1.610111052814033
2024-09-12,-1.4647280421365563
2024-09-13,-1.6020397868978549
2024-09-16,-1.6111768401443147
2024-09-17,-1.6281044277259615
2024-09-18,-1.5375735043290117
2024-09-19,-1.6141091246008552
2024-09-20,-1.1646562189477319
2024-09-23,-1.0768470881027945
2024-09-24,-1.1917073928572943
2024-09-25,-0.9953792683256105
2024-09-26,-1.1048838733128687
2024-09-27,-1.4617112129729242
2024-09-30,-1.1051819564495247
2024-10-01,-1.2425862689212168
2024-10-02,-1.3679698852570634
2024-10-03,-1.2664932876392339
2024-10-04,-1.3201376729609147
2024-10-07,-1.2589694628747983
2024-10-08,-0.6680499877136674
2024-10-09,-0.08473674862440243
2024-10-10,-0.5012287457552864
2024-10-11,-0.5671922290212307
2024-10-14,0.07091362718910406
2024-10-15,0.18875126369381182
2024-10-16,0.30094439129057293
2024-10-17,0.12857601991274112
2024-10-18,-0.24914107023880183
2024-10-21,0.06413810256645712
2024-10-22,-0.2003838708369995
2024-10-23,-0.7897217877330239
2024-10-24,-0.4826648407096182
2024-10-25,-1.3080413225224157
2024-10-28,-0.528057722241497
2024-10-29,-0.9010506504946292
2024-10-30,-0.28876842262861724
2024-10-31,-0.4122979691933298
2024-11-01,0.11751959443212762
2024-11-04,-0.05847678292451798
2024-11-05,-0.22964416234550228
2024-11-06,2.63946686212704
2024-11-07,0.4238813151571789
2024-11-08,2.373637702288914
2024-11-11,3.134290712788948
2024-11-12,2.383759560587012
2024-11-13,2.4990891348223605
2024-11-14,3.0711262947607043
2024-11-15,1.3104411442312098
2024-11-18,1.8612305635612219
2024-11-19,1.661918317046281
2024-11-20,1.6822937580675072
2024-11-21,1.919777235648152
2024-11-22,1.7381854111123902
2024-11-25,1.841476047506004
2024-11-26,2.2230116754442846
2024-11-27,1.6079585487673362
2024-11-28,1.5514661993637626
2024-11-29,1.5761576182950838
2024-12-02,1.33850642941583
2024-12-03,0.877577480180386
2024-12-04,0.3125559527482713
2024-12-05,0.5602625804392766
2024-12-06,0.3399830040406678
2024-12-09,0.5359735474405979
2024-12-10,0.29292963824364093
2024-12-11,-0.5763738672850056
2024-12-12,-0.5732220962574852
2024-12-13,-0.5356261408392413
2024-12-16,-0.2563047899206029
2024-12-17,0.14418309814841487
2024-12-18,-0.3803285786786135
2024-12-19,-0.356316706355281
2024-12-20,-0.4421833583385311
2024-12-23,-0.08262223420456742
2024-12-24,-1.0590913074973098
2024-12-26,-0.7560987993132806
2024-12-27,-1.4814525049814415
2024-12-30,-1.9858448270292917
